-- Seed default download formats (ebook, audiobook, video)
INSERT OR IGNORE INTO download_formats (id, title, weight, color, content_types, source, resolution) VALUES
  (1, 'Unknown Text', 1, 'gray', '["ebook"]', NULL, 0),
  (2, 'PDF', 2, 'orange', '["ebook"]', NULL, 0),
  (3, 'MOBI', 3, 'amber', '["ebook"]', NULL, 0),
  (4, 'EPUB', 4, 'green', '["ebook"]', NULL, 0),
  (5, 'AZW3', 5, 'blue', '["ebook"]', NULL, 0),
  (6, 'MP3', 6, 'purple', '["audiobook"]', NULL, 0),
  (7, 'M4B', 7, 'cyan', '["audiobook"]', NULL, 0),
  (8, 'FLAC', 8, 'amber', '["audiobook"]', NULL, 0),
  (9, 'HDTV-720p', 10, 'gray', '["movie","tv"]', 'Television', 720),
  (10, 'HDTV-1080p', 11, 'gray', '["movie","tv"]', 'Television', 1080),
  (11, 'WEBDL-720p', 12, 'blue', '["movie","tv"]', 'Web', 720),
  (12, 'WEBDL-1080p', 13, 'blue', '["movie","tv"]', 'Web', 1080),
  (13, 'WEBDL-2160p', 14, 'blue', '["movie","tv"]', 'Web', 2160),
  (14, 'Bluray-720p', 15, 'purple', '["movie","tv"]', 'Bluray', 720),
  (15, 'Bluray-1080p', 16, 'purple', '["movie","tv"]', 'Bluray', 1080),
  (16, 'Bluray-2160p', 17, 'purple', '["movie","tv"]', 'Bluray', 2160),
  (17, 'WEBRip-720p', 18, 'green', '["movie","tv"]', 'WebRip', 720),
  (18, 'WEBRip-1080p', 19, 'green', '["movie","tv"]', 'WebRip', 1080),
  (19, 'Bluray Raw-1080p', 20, 'amber', '["movie","tv"]', 'BlurayRaw', 1080),
  (20, 'Bluray Raw-2160p', 21, 'amber', '["movie","tv"]', 'BlurayRaw', 2160);
--> statement-breakpoint
-- Seed default download formats (comic ebook)
INSERT OR IGNORE INTO download_formats (id, title, weight, min_size, max_size, preferred_size, color, content_types, no_max_limit, no_preferred_limit) VALUES
  (21, 'Unknown Comic', 1, 0, 300, 100, 'gray',   '["ebook"]', 1, 1),
  (22, 'CBR',           2, 0, 300, 100, 'orange', '["ebook"]', 0, 0),
  (23, 'CBZ',           3, 0, 300, 100, 'green',  '["ebook"]', 0, 0),
  (24, 'PDF Comic',     4, 0, 300, 100, 'yellow', '["ebook"]', 0, 0),
  (25, 'EPUB Comic',    5, 0, 300, 100, 'blue',   '["ebook"]', 0, 0);
--> statement-breakpoint
-- Seed default download profiles
INSERT OR IGNORE INTO download_profiles (id, name, root_folder_path, content_type, icon, items, cutoff, upgrade_allowed) VALUES
  (1, 'Ebook', './data/books', 'ebook', 'book-open', '[[4],[5],[3],[2]]', 4, 1),
  (2, 'Audiobook', './data/audiobooks', 'audiobook', 'headphones', '[[8],[7],[6]]', 7, 1),
  (3, '720-1080p (Movie)', './data/movies/1080p', 'movie', 'film', '[[15,12,18],[14,11,17],[10],[9]]', 15, 1),
  (4, '1080p (TV)', './data/tv_shows/1080p', 'tv', 'tv', '[[15,12,18],[10],[14,11,17]]', 12, 1),
  (5, 'Anime 1080p', './data/anime', 'tv', 'tv', '[[15,12],[10]]', 15, 1),
  (6, 'Comics/Manga', './data/comics', 'ebook', 'book-open-text', '[[23],[22],[25],[24]]', 23, 1);
--> statement-breakpoint
-- Seed builtin custom formats
INSERT OR IGNORE INTO custom_formats (id, name, category, specifications, default_score, content_types, description, origin, user_modified) VALUES
  (1, 'Bluray Tier 01', 'Release Group', '[{"name":"Bluray Tier 01 Groups","type":"releaseGroup","value":"^(FraMeSToR|HiFi|AJP69|BHDStudio|CRiSC|CtrlHD|DON|EbP|Geek|NCmt|TDD|ZQ|decibeL|playBD|HQMUX|SiCFoI|hallowed|SURFINBIRD)$","negate":false,"required":true}]', 1800, '["movie"]', 'Top-tier Bluray release groups', 'builtin', 0),
  (2, 'WEB Tier 01', 'Release Group', '[{"name":"WEB Tier 01 Groups","type":"releaseGroup","value":"^(FLUX|CMRG|HONE|KiNGS|NOSiViD|NTb|QOQ|RTN|SiC|DEEP|ABBIE|dB|EDITH|FLUX|KHN|MZABI|NPMS|TOMMY|WEBDL)$","negate":false,"required":true}]', 1700, '["movie","tv"]', 'Top-tier WEB release groups', 'builtin', 0),
  (3, 'x265 (HD)', 'Video Codec', '[{"name":"x265/HEVC Codec","type":"videoCodec","value":"^(x265|hevc|h\\.?265)$","negate":false,"required":true}]', 0, '["movie","tv"]', 'Penalize x265 for HD content (quality loss at HD resolutions)', 'builtin', 0),
  (4, 'LQ Groups', 'Unwanted', '[{"name":"Low Quality Groups","type":"releaseGroup","value":"^(AROMA|BRiNK|CHD|EVO|FGT|FUM|GHOSTS|HiP|IGUANA|MeGusta|NERO|PNDi|PSA|RARBG|RDN|SAMPA|ShieldBearer|TGx|YIFY|YTS|Zeus|x0r)$","negate":false,"required":true}]', 0, '["movie","tv"]', 'Known low-quality release groups to avoid', 'builtin', 0),
  (5, 'BR-DISK', 'Quality Modifier', '[{"name":"BR-DISK Modifier","type":"qualityModifier","value":"brdisk","negate":false,"required":true}]', 0, '["movie"]', 'Full Bluray disc images (too large, not re-encoded)', 'builtin', 0),
  (6, 'TrueHD ATMOS', 'Audio Codec', '[{"name":"TrueHD ATMOS","type":"audioCodec","value":"^(truehd[. _-]?atmos|atmos[. _-]?truehd)$","negate":false,"required":true}]', 500, '["movie"]', 'Dolby TrueHD with Atmos - highest quality audio', 'builtin', 0),
  (7, 'DTS-X', 'Audio Codec', '[{"name":"DTS-X Audio","type":"audioCodec","value":"^dts[. _-]?x$","negate":false,"required":true}]', 400, '["movie"]', 'DTS:X immersive audio format', 'builtin', 0),
  (8, 'WEB Tier 02', 'Release Group', '[{"name":"WEB Tier 02 Groups","type":"releaseGroup","value":"^(PECULATE|CAKES|CRFW|MOCH|SMURF|STARZ|VLAD|BTW|CasStudio|Chill|GNOME|iJP|KOGI|LAZY|NTG|NYH|PECULATE|playWEB|RVKD|SA89|Scene|SDCC|SIGMA|SMURF|TEPES|TVSmash|XEBEC)$","negate":false,"required":true}]', 1300, '["tv"]', 'Second-tier WEB release groups', 'builtin', 0),
  (9, 'Season Pack', 'Release Type', '[{"name":"Season Pack","type":"releaseType","value":"season","negate":false,"required":true}]', 15, '["tv"]', 'Prefer season packs over individual episodes', 'builtin', 0),
  (10, 'Anime BD Tier 01', 'Release Group', '[{"name":"Bluray","type":"videoSource","value":"Bluray","negate":false,"required":false},{"name":"Bluray Remux","type":"videoSource","value":"BlurayRaw","negate":false,"required":false},{"name":"DVD","type":"videoSource","value":"DVD","negate":false,"required":false},{"name":"DemiHuman","type":"releaseTitle","value":"\\b(DemiHuman)\\b","negate":false,"required":false},{"name":"FLE","type":"releaseTitle","value":"\\b(FLE)\\b","negate":false,"required":false},{"name":"Flugel","type":"releaseTitle","value":"\\b(Flugel)\\b","negate":false,"required":false},{"name":"LYS1TH3A","type":"releaseTitle","value":"\\b(LYS1TH3A)\\b","negate":false,"required":false},{"name":"Moxie","type":"releaseTitle","value":"\\[Moxie\\]|-Moxie\\b","negate":false,"required":false},{"name":"NAN0","type":"releaseTitle","value":"(?<=remux).*\\b(NAN0)\\b","negate":false,"required":false},{"name":"sam","type":"releaseTitle","value":"\\[sam\\]|-sam\\b","negate":false,"required":false},{"name":"smol","type":"releaseTitle","value":"\\[smol\\]|-smol\\b","negate":false,"required":false},{"name":"SoM","type":"releaseTitle","value":"\\[SoM\\]|-SoM\\b","negate":false,"required":false},{"name":"ZR","type":"releaseTitle","value":"\\b(ZR)\\b|-ZR-","negate":false,"required":false}]', 1400, '["tv"]', 'Anime BD Tier 01 fansub release groups for Bluray sources', 'builtin', 0),
  (11, 'Anime BD Tier 02', 'Release Group', '[{"name":"Bluray","type":"videoSource","value":"Bluray","negate":false,"required":false},{"name":"Bluray Remux","type":"videoSource","value":"BlurayRaw","negate":false,"required":false},{"name":"DVD","type":"videoSource","value":"DVD","negate":false,"required":false},{"name":"Aergia","type":"releaseTitle","value":"\\[Aergia\\]|-Aergia(?!-raws)\\b","negate":false,"required":false},{"name":"Arg0","type":"releaseTitle","value":"\\b(Arg0)\\b","negate":false,"required":false},{"name":"Arid","type":"releaseTitle","value":"\\[Arid\\]|-Arid\\b","negate":false,"required":false},{"name":"FateSucks","type":"releaseTitle","value":"\\b(FateSucks)\\b","negate":false,"required":false},{"name":"hydes","type":"releaseTitle","value":"\\b(hydes)\\b","negate":false,"required":false},{"name":"hchcsen","type":"releaseTitle","value":"\\b(hchcsen)\\b","negate":false,"required":false},{"name":"JOHNTiTOR","type":"releaseTitle","value":"\\b(JOHNTiTOR)\\b","negate":false,"required":false},{"name":"JySzE","type":"releaseTitle","value":"\\b(JySzE)\\b","negate":false,"required":false},{"name":"koala","type":"releaseTitle","value":"\\[koala\\]|-koala\\b","negate":false,"required":false},{"name":"Kulot","type":"releaseTitle","value":"\\b(Kulot)\\b","negate":false,"required":false},{"name":"LostYears","type":"releaseTitle","value":"\\b(LostYears)\\b","negate":false,"required":false},{"name":"Lulu","type":"releaseTitle","value":"\\[Lulu\\]|-Lulu\\b","negate":false,"required":false},{"name":"Meakes","type":"releaseTitle","value":"\\b(Meakes)\\b","negate":false,"required":false},{"name":"Orphan","type":"releaseTitle","value":"\\[Orphan\\]|-Orphan\\b","negate":false,"required":false},{"name":"PMR","type":"releaseTitle","value":"^(?=.*\\b(PMR)\\b)(?=.*\\b(Remux)\\b)","negate":false,"required":false},{"name":"Vodes","type":"releaseTitle","value":"\\[Vodes\\]|(?<!Not)-Vodes\\b","negate":false,"required":false},{"name":"WAP","type":"releaseTitle","value":"\\b(WAP)\\b","negate":false,"required":false},{"name":"YURI","type":"releaseTitle","value":"\\[YURI\\]|-YURI\\b","negate":false,"required":false},{"name":"ZeroBuild","type":"releaseTitle","value":"\\b(ZeroBuild)\\b","negate":false,"required":false}]', 1300, '["tv"]', 'Anime BD Tier 02 fansub release groups for Bluray sources', 'builtin', 0),
  (12, 'Anime BD Tier 03', 'Release Group', '[{"name":"Bluray","type":"videoSource","value":"Bluray","negate":false,"required":false},{"name":"Bluray Remux","type":"videoSource","value":"BlurayRaw","negate":false,"required":false},{"name":"DVD","type":"videoSource","value":"DVD","negate":false,"required":false},{"name":"ARC","type":"releaseTitle","value":"\\[ARC\\]|-ARC\\b","negate":false,"required":false},{"name":"BBT-RMX","type":"releaseTitle","value":"\\b(BBT-RMX)\\b","negate":false,"required":false},{"name":"cappybara","type":"releaseTitle","value":"\\[cappybara\\]|-cappybara\\b","negate":false,"required":false},{"name":"ChucksMux","type":"releaseTitle","value":"\\b(ChucksMux)\\b","negate":false,"required":false},{"name":"CRUCiBLE","type":"releaseTitle","value":"\\[CRUCiBLE\\]|-CRUCiBLE\\b","negate":false,"required":false},{"name":"CUNNY","type":"releaseTitle","value":"\\b(CUNNY)\\b","negate":false,"required":false},{"name":"Cunnysseur","type":"releaseTitle","value":"\\b(Cunnysseur)\\b","negate":false,"required":false},{"name":"Doc","type":"releaseTitle","value":"\\[Doc\\]|-Doc\\b","negate":false,"required":false},{"name":"fig","type":"releaseTitle","value":"\\[fig\\]|-fig\\b","negate":false,"required":false},{"name":"Headpatter","type":"releaseTitle","value":"\\[Headpatter\\]|-Headpatter\\b","negate":false,"required":false},{"name":"Inka-Subs","type":"releaseTitle","value":"\\b(Inka-Subs)\\b","negate":false,"required":false},{"name":"LaCroiX","type":"releaseTitle","value":"\\b(LaCroiX)\\b","negate":false,"required":false},{"name":"Legion","type":"releaseTitle","value":"\\[Legion\\]|-Legion\\b","negate":false,"required":false},{"name":"Mehul","type":"releaseTitle","value":"\\[Mehul\\]|-Mehul\\b","negate":false,"required":false},{"name":"MTBB","type":"releaseTitle","value":"\\b(MTBB)\\b","negate":false,"required":false},{"name":"Mysteria","type":"releaseTitle","value":"\\[Mysteria\\]|-Mysteria\\b","negate":false,"required":false},{"name":"Netaro","type":"releaseTitle","value":"\\b(Netaro)\\b","negate":false,"required":false},{"name":"Noiy","type":"releaseTitle","value":"\\b(Noiy)\\b","negate":false,"required":false},{"name":"npz","type":"releaseTitle","value":"\\b(npz)\\b","negate":false,"required":false},{"name":"NTRX","type":"releaseTitle","value":"\\b(NTRX)\\b","negate":false,"required":false},{"name":"Okay-Subs","type":"releaseTitle","value":"\\b(Okay-Subs)\\b","negate":false,"required":false},{"name":"P9","type":"releaseTitle","value":"\\b(P9)\\b","negate":false,"required":false},{"name":"RUDY","type":"releaseTitle","value":"\\[RUDY\\]|-RUDY\\b","negate":false,"required":false},{"name":"RaiN","type":"releaseTitle","value":"\\[RaiN\\]|-RaiN\\b","negate":false,"required":false},{"name":"RMX","type":"releaseTitle","value":"\\b(RMX)\\b","negate":false,"required":false},{"name":"Sekkon","type":"releaseTitle","value":"\\b(Sekkon)\\b","negate":false,"required":false},{"name":"Serendipity","type":"releaseTitle","value":"\\[Serendipity\\]|-Serendipity\\b","negate":false,"required":false},{"name":"sgt","type":"releaseTitle","value":"\\[sgt\\]|-sgt\\b","negate":false,"required":false},{"name":"SubsMix","type":"releaseTitle","value":"\\b(SubsMix)\\b","negate":false,"required":false},{"name":"uba","type":"releaseTitle","value":"\\[uba\\]|-uba\\b","negate":false,"required":false}]', 1200, '["tv"]', 'Anime BD Tier 03 fansub release groups for Bluray sources', 'builtin', 0),
  (13, 'Anime BD Tier 04', 'Release Group', '[{"name":"Bluray","type":"videoSource","value":"Bluray","negate":false,"required":false},{"name":"Bluray Remux","type":"videoSource","value":"BlurayRaw","negate":false,"required":false},{"name":"DVD","type":"videoSource","value":"DVD","negate":false,"required":false},{"name":"ABdex","type":"releaseTitle","value":"\\b(ABdex)\\b","negate":false,"required":false},{"name":"Afro","type":"releaseTitle","value":"\\[Afro\\]|-Afro\\b","negate":false,"required":false},{"name":"aRMX","type":"releaseTitle","value":"\\b(aRMX)\\b","negate":false,"required":false},{"name":"BiRJU","type":"releaseTitle","value":"\\b(BiRJU)\\b","negate":false,"required":false},{"name":"BKC","type":"releaseTitle","value":"\\b(BKC)\\b","negate":false,"required":false},{"name":"CBT","type":"releaseTitle","value":"\\b(CBT)\\b","negate":false,"required":false},{"name":"Chimera","type":"releaseTitle","value":"\\[Chimera\\]|-Chimera\\b","negate":false,"required":false},{"name":"derp","type":"releaseTitle","value":"\\[derp\\]|-derp\\b","negate":false,"required":false},{"name":"DIY","type":"releaseTitle","value":"\\[DIY\\]|-DIY\\b","negate":false,"required":false},{"name":"EXP","type":"releaseTitle","value":"\\[EXP\\]|-EXP\\b","negate":false,"required":false},{"name":"Foxtrot","type":"releaseTitle","value":"\\[Foxtrot\\]|-Foxtrot\\b","negate":false,"required":false},{"name":"grimf","type":"releaseTitle","value":"\\b(grimf)\\b","negate":false,"required":false},{"name":"IK","type":"releaseTitle","value":"\\b(IK)\\b","negate":false,"required":false},{"name":"Iznjie Biznjie","type":"releaseTitle","value":"\\b(Iznjie[ .-]Biznjie)\\b","negate":false,"required":false},{"name":"Kaleido-subs","type":"releaseTitle","value":"\\b(Kaleido-subs)\\b","negate":false,"required":false},{"name":"Kametsu","type":"releaseTitle","value":"\\b(Kametsu)\\b","negate":false,"required":false},{"name":"Kawatare","type":"releaseTitle","value":"\\[Kawatare\\]|-Kawatare\\b","negate":false,"required":false},{"name":"KH","type":"releaseTitle","value":"\\b(KH)\\b","negate":false,"required":false},{"name":"LazyRemux","type":"releaseTitle","value":"\\b(LazyRemux)\\b","negate":false,"required":false},{"name":"Metal","type":"releaseTitle","value":"\\[Metal\\]|-Metal\\b","negate":false,"required":false},{"name":"MK","type":"releaseTitle","value":"\\b(MK)\\b","negate":false,"required":false},{"name":"neko-kBaraka","type":"releaseTitle","value":"\\b(neko-kBaraka)\\b","negate":false,"required":false},{"name":"OZR","type":"releaseTitle","value":"\\b(OZR)\\b","negate":false,"required":false},{"name":"Pizza","type":"releaseTitle","value":"\\[Pizza\\]|-Pizza\\b","negate":false,"required":false},{"name":"pog42","type":"releaseTitle","value":"\\b(pog42)\\b","negate":false,"required":false},{"name":"Quetzal","type":"releaseTitle","value":"\\b(Quetzal)\\b","negate":false,"required":false},{"name":"Reza","type":"releaseTitle","value":"\\b(Reza)\\b","negate":false,"required":false},{"name":"SCY","type":"releaseTitle","value":"\\b(SCY)\\b","negate":false,"required":false},{"name":"Shimatta","type":"releaseTitle","value":"\\b(Shimatta)\\b","negate":false,"required":false},{"name":"Smoke","type":"releaseTitle","value":"\\[Smoke\\]|-Smoke\\b","negate":false,"required":false},{"name":"Spirale","type":"releaseTitle","value":"\\b(Spirale)\\b","negate":false,"required":false},{"name":"UDF","type":"releaseTitle","value":"\\b(UDF)\\b","negate":false,"required":false},{"name":"UQW","type":"releaseTitle","value":"\\b(UQW)\\b","negate":false,"required":false},{"name":"Virtuality","type":"releaseTitle","value":"\\b(Virtuality)\\b","negate":false,"required":false},{"name":"Vanilla","type":"releaseTitle","value":"\\[Vanilla\\]|-Vanilla\\b","negate":false,"required":false},{"name":"VULCAN","type":"releaseTitle","value":"\\[VULCAN\\]|-VULCAN\\b","negate":false,"required":false}]', 1100, '["tv"]', 'Anime BD Tier 04 fansub release groups for Bluray sources', 'builtin', 0),
  (14, 'Anime BD Tier 05', 'Release Group', '[{"name":"Bluray","type":"videoSource","value":"Bluray","negate":false,"required":false},{"name":"Bluray Remux","type":"videoSource","value":"BlurayRaw","negate":false,"required":false},{"name":"DVD","type":"videoSource","value":"DVD","negate":false,"required":false},{"name":"Animorphs","type":"releaseTitle","value":"\\b(Animorphs)\\b","negate":false,"required":false},{"name":"AOmundson","type":"releaseTitle","value":"\\b(AOmundson)\\b","negate":false,"required":false},{"name":"ASC","type":"releaseTitle","value":"\\b(ASC)\\b","negate":false,"required":false},{"name":"Baws","type":"releaseTitle","value":"\\b(Baws|McBalls)\\b","negate":false,"required":false},{"name":"Beatrice","type":"releaseTitle","value":"\\[Beatrice\\]|-Beatrice(?!-raws)\\b","negate":false,"required":false},{"name":"B00BA","type":"releaseTitle","value":"\\b(B00BA)\\b","negate":false,"required":false},{"name":"Cait-Sidhe","type":"releaseTitle","value":"\\b(Cait-Sidhe)\\b","negate":false,"required":false},{"name":"CsS","type":"releaseTitle","value":"\\b(CsS)\\b","negate":false,"required":false},{"name":"CTR","type":"releaseTitle","value":"\\b(CTR)\\b","negate":false,"required":false},{"name":"D4C","type":"releaseTitle","value":"\\b(D4C)\\b","negate":false,"required":false},{"name":"deanzel","type":"releaseTitle","value":"\\b(deanzel)\\b","negate":false,"required":false},{"name":"Drag","type":"releaseTitle","value":"\\[Drag\\]|-Drag\\b","negate":false,"required":false},{"name":"eldon","type":"releaseTitle","value":"\\b(eldon)\\b","negate":false,"required":false},{"name":"Freehold","type":"releaseTitle","value":"\\b(Freehold)\\b","negate":false,"required":false},{"name":"GHS","type":"releaseTitle","value":"\\b(GHS)\\b","negate":false,"required":false},{"name":"Hark0N","type":"releaseTitle","value":"\\b(Hark0N)\\b","negate":false,"required":false},{"name":"Holomux","type":"releaseTitle","value":"\\b(Holomux)\\b","negate":false,"required":false},{"name":"Judgement","type":"releaseTitle","value":"\\[Judgment\\]|-Judgment\\b","negate":false,"required":false},{"name":"MC","type":"releaseTitle","value":"\\b(MC)\\b","negate":false,"required":false},{"name":"mottoj","type":"releaseTitle","value":"\\b(mottoj)\\b","negate":false,"required":false},{"name":"NH","type":"releaseTitle","value":"\\b(NH)\\b","negate":false,"required":false},{"name":"NTRM","type":"releaseTitle","value":"\\b(NTRM)\\b","negate":false,"required":false},{"name":"o7","type":"releaseTitle","value":"\\b(o7)\\b","negate":false,"required":false},{"name":"QM","type":"releaseTitle","value":"\\b(QM)\\b","negate":false,"required":false},{"name":"Thighs","type":"releaseTitle","value":"\\[Thighs\\]|-Thighs\\b","negate":false,"required":false},{"name":"TTGA","type":"releaseTitle","value":"\\b(TTGA)\\b","negate":false,"required":false},{"name":"UltraRemux","type":"releaseTitle","value":"\\b(UltraRemux)\\b","negate":false,"required":false},{"name":"WBDP","type":"releaseTitle","value":"\\b(WBDP)\\b","negate":false,"required":false},{"name":"WSE","type":"releaseTitle","value":"\\b(WSE)\\b","negate":false,"required":false},{"name":"Yuki","type":"releaseTitle","value":"\\[Yuki\\]|-Yuki\\b","negate":false,"required":false}]', 1000, '["tv"]', 'Anime BD Tier 05 fansub release groups for Bluray sources', 'builtin', 0),
  (15, 'Anime BD Tier 06', 'Release Group', '[{"name":"Bluray","type":"videoSource","value":"Bluray","negate":false,"required":false},{"name":"Bluray Remux","type":"videoSource","value":"BlurayRaw","negate":false,"required":false},{"name":"DVD","type":"videoSource","value":"DVD","negate":false,"required":false},{"name":"ANE","type":"releaseTitle","value":"\\[ANE\\]|-ANE$","negate":false,"required":false},{"name":"Bunny-Apocalypse","type":"releaseTitle","value":"\\b(Bunny-Apocalypse)\\b","negate":false,"required":false},{"name":"CyC","type":"releaseTitle","value":"\\b(CyC)\\b","negate":false,"required":false},{"name":"Datte13","type":"releaseTitle","value":"\\b(Datte13)\\b","negate":false,"required":false},{"name":"EJF","type":"releaseTitle","value":"\\b(EJF)\\b","negate":false,"required":false},{"name":"GetItTwisted","type":"releaseTitle","value":"\\b(GetItTwisted)\\b","negate":false,"required":false},{"name":"GSK_kun","type":"releaseTitle","value":"\\b(GSK[._-]kun)\\b","negate":false,"required":false},{"name":"iKaos","type":"releaseTitle","value":"\\b(iKaos)\\b","negate":false,"required":false},{"name":"karios","type":"releaseTitle","value":"\\b(karios)\\b","negate":false,"required":false},{"name":"Pookie","type":"releaseTitle","value":"\\b(Pookie)\\b","negate":false,"required":false},{"name":"RASETSU","type":"releaseTitle","value":"\\b(RASETSU)\\b","negate":false,"required":false},{"name":"Starbez","type":"releaseTitle","value":"\\b(Starbez)\\b","negate":false,"required":false},{"name":"Tsundere","type":"releaseTitle","value":"\\[Tsundere\\]|-Tsundere(?!-)\\b","negate":false,"required":false},{"name":"Yoghurt","type":"releaseTitle","value":"\\b(Yoghurt)\\b","negate":false,"required":false},{"name":"YURASUKA","type":"releaseTitle","value":"\\[YURASUKA\\]|-YURASUKA\\b","negate":false,"required":false}]', 900, '["tv"]', 'Anime BD Tier 06 fansub release groups for Bluray sources', 'builtin', 0),
  (16, 'Anime BD Tier 07', 'Release Group', '[{"name":"Bluray","type":"videoSource","value":"Bluray","negate":false,"required":false},{"name":"Bluray Remux","type":"videoSource","value":"BlurayRaw","negate":false,"required":false},{"name":"DVD","type":"videoSource","value":"DVD","negate":false,"required":false},{"name":"9volt","type":"releaseTitle","value":"\\b(9volt)\\b","negate":false,"required":false},{"name":"AC","type":"releaseTitle","value":"\\[AC\\]|-AC$","negate":false,"required":false},{"name":"Almighty","type":"releaseTitle","value":"\\[Almighty\\]|-Almighty\\b","negate":false,"required":false},{"name":"Asakura","type":"releaseTitle","value":"\\[Asakura\\]|-Asakura\\b","negate":false,"required":false},{"name":"Asenshi","type":"releaseTitle","value":"\\b(Asenshi)\\b","negate":false,"required":false},{"name":"BlurayDesuYo","type":"releaseTitle","value":"\\b(BlurayDesuYo)\\b","negate":false,"required":false},{"name":"Bolshevik","type":"releaseTitle","value":"\\[Bolshevik\\]|-Bolshevik\\b","negate":false,"required":false},{"name":"Brrrrrrr","type":"releaseTitle","value":"\\b(Brrrrrrr)\\b","negate":false,"required":false},{"name":"Chihiro","type":"releaseTitle","value":"\\[Chihiro\\]|-Chihiro\\b","negate":false,"required":false},{"name":"Commie","type":"releaseTitle","value":"\\b(Commie)\\b","negate":false,"required":false},{"name":"Crow","type":"releaseTitle","value":"\\[Crow\\]|-Crow\\b","negate":false,"required":false},{"name":"Dae","type":"releaseTitle","value":"\\b(Dae)\\b","negate":false,"required":false},{"name":"Dekinai","type":"releaseTitle","value":"\\[Dekinai\\]|-Dekinai\\b","negate":false,"required":false},{"name":"Dragon-Releases","type":"releaseTitle","value":"\\b(Dragon-Releases)\\b","negate":false,"required":false},{"name":"DragsterPS","type":"releaseTitle","value":"\\b(DragsterPS)\\b","negate":false,"required":false},{"name":"Exiled-Destiny","type":"releaseTitle","value":"\\b(Exiled-Destiny|E-D)\\b","negate":false,"required":false},{"name":"FFF","type":"releaseTitle","value":"\\b(FFF)\\b","negate":false,"required":false},{"name":"Final8","type":"releaseTitle","value":"\\b(Final8)\\b","negate":false,"required":false},{"name":"Geonope","type":"releaseTitle","value":"\\b(Geonope)\\b","negate":false,"required":false},{"name":"GJM","type":"releaseTitle","value":"\\b(GJM)\\b","negate":false,"required":false},{"name":"iAHD","type":"releaseTitle","value":"\\b(iAHD)\\b","negate":false,"required":false},{"name":"inid4c","type":"releaseTitle","value":"\\b(inid4c)\\b","negate":false,"required":false},{"name":"Koten_Gars","type":"releaseTitle","value":"\\b(Koten[ ._-]Gars)\\b","negate":false,"required":false},{"name":"kuchikirukia","type":"releaseTitle","value":"\\b(kuchikirukia)\\b","negate":false,"required":false},{"name":"LCE","type":"releaseTitle","value":"\\b(LCE)\\b","negate":false,"required":false},{"name":"NTW","type":"releaseTitle","value":"\\b(NTW)\\b","negate":false,"required":false},{"name":"orz","type":"releaseTitle","value":"\\b(orz)\\b","negate":false,"required":false},{"name":"RAI","type":"releaseTitle","value":"\\b(RAI)\\b","negate":false,"required":false},{"name":"REVO","type":"releaseTitle","value":"\\b(REVO)\\b","negate":false,"required":false},{"name":"SCP-2223","type":"releaseTitle","value":"\\b(SCP-2223)\\b","negate":false,"required":false},{"name":"Senjou","type":"releaseTitle","value":"\\[Senjou\\]|-Senjou\\b","negate":false,"required":false},{"name":"SEV","type":"releaseTitle","value":"\\b(SEV)\\b","negate":false,"required":false},{"name":"THORA","type":"releaseTitle","value":"\\b(THORA)\\b","negate":false,"required":false},{"name":"Vivid","type":"releaseTitle","value":"\\[Vivid\\]|-Vivid\\b","negate":false,"required":false}]', 800, '["tv"]', 'Anime BD Tier 07 fansub release groups for Bluray sources', 'builtin', 0),
  (17, 'Anime BD Tier 08', 'Release Group', '[{"name":"Bluray","type":"videoSource","value":"Bluray","negate":false,"required":false},{"name":"Bluray Remux","type":"videoSource","value":"BlurayRaw","negate":false,"required":false},{"name":"DVD","type":"videoSource","value":"DVD","negate":false,"required":false},{"name":"AkihitoSubs","type":"releaseTitle","value":"\\b(AkihitoSubs)\\b","negate":false,"required":false},{"name":"Arukoru","type":"releaseTitle","value":"\\b(Arukoru)\\b","negate":false,"required":false},{"name":"EDGE","type":"releaseTitle","value":"\\[EDGE\\]|-EDGE\\b","negate":false,"required":false},{"name":"EMBER","type":"releaseTitle","value":"\\[EMBER\\]|-EMBER\\b","negate":false,"required":false},{"name":"GHOST","type":"releaseTitle","value":"\\[GHOST\\]|-GHOST\\b","negate":false,"required":false},{"name":"Judas","type":"releaseTitle","value":"\\[Judas\\]|-Judas","negate":false,"required":false},{"name":"naiyas","type":"releaseTitle","value":"\\[naiyas\\]|-naiyas\\b","negate":false,"required":false},{"name":"Nep_Blanc","type":"releaseTitle","value":"\\b(Nep[ ._-]Blanc)\\b","negate":false,"required":false},{"name":"Prof","type":"releaseTitle","value":"\\[Prof\\]|-Prof\\b","negate":false,"required":false},{"name":"Shirσ","type":"releaseTitle","value":"\\b(Shirσ)\\b","negate":false,"required":false}]', 700, '["tv"]', 'Anime BD Tier 08 fansub release groups for Bluray sources', 'builtin', 0),
  (18, 'Anime Web Tier 01', 'Release Group', '[{"name":"WEBDL","type":"videoSource","value":"Web","negate":false,"required":false},{"name":"WEBRIP","type":"videoSource","value":"WebRip","negate":false,"required":false},{"name":"WEB","type":"videoSource","value":"Web","negate":false,"required":false},{"name":"Arg0","type":"releaseTitle","value":"\\b(Arg0)\\b","negate":false,"required":false},{"name":"Arid","type":"releaseTitle","value":"\\[Arid\\]|-Arid\\b","negate":false,"required":false},{"name":"Baws","type":"releaseTitle","value":"\\b(Baws)\\b","negate":false,"required":false},{"name":"FLE","type":"releaseTitle","value":"\\b(FLE)\\b","negate":false,"required":false},{"name":"LostYears","type":"releaseTitle","value":"\\b(LostYears)\\b","negate":false,"required":false},{"name":"LYS1TH3A","type":"releaseTitle","value":"\\b(LYS1TH3A)\\b","negate":false,"required":false},{"name":"McBalls","type":"releaseTitle","value":"\\b(McBalls)\\b","negate":false,"required":false},{"name":"sam","type":"releaseTitle","value":"\\[sam\\]|-sam\\b","negate":false,"required":false},{"name":"SCY","type":"releaseTitle","value":"\\b(SCY)\\b","negate":false,"required":false},{"name":"Setsugen","type":"releaseTitle","value":"\\b(Setsugen)\\b","negate":false,"required":false},{"name":"smol","type":"releaseTitle","value":"\\[smol\\]|-smol\\b","negate":false,"required":false},{"name":"SoM","type":"releaseTitle","value":"\\[SoM\\]|-SoM\\b","negate":false,"required":false},{"name":"Vodes","type":"releaseTitle","value":"\\[Vodes\\]|(?<!Not)-Vodes\\b","negate":false,"required":false},{"name":"Z4ST1N","type":"releaseTitle","value":"\\b(Z4ST1N)\\b","negate":false,"required":false},{"name":"ZeroBuild","type":"releaseTitle","value":"\\b(ZeroBuild)\\b","negate":false,"required":false}]', 600, '["tv"]', 'Anime Web Tier 01 fansub release groups for WEB sources', 'builtin', 0),
  (19, 'Anime Web Tier 02', 'Release Group', '[{"name":"WEBDL","type":"videoSource","value":"Web","negate":false,"required":false},{"name":"WEBRIP","type":"videoSource","value":"WebRip","negate":false,"required":false},{"name":"WEB","type":"videoSource","value":"Web","negate":false,"required":false},{"name":"0x539","type":"releaseTitle","value":"\\b(0x539)\\b","negate":false,"required":false},{"name":"Asakura","type":"releaseTitle","value":"\\[Asakura\\]|-Asakura\\b","negate":false,"required":false},{"name":"Cyan","type":"releaseTitle","value":"\\[Cyan\\]|-Cyan\\b","negate":false,"required":false},{"name":"Cytox","type":"releaseTitle","value":"\\b(Cytox)\\b","negate":false,"required":false},{"name":"Dae","type":"releaseTitle","value":"\\[Dae\\]|-Dae\\b","negate":false,"required":false},{"name":"Foxtrot","type":"releaseTitle","value":"\\[Foxtrot\\]|-Foxtrot\\b","negate":false,"required":false},{"name":"Gao","type":"releaseTitle","value":"\\[Gao\\]|-Gao\\b","negate":false,"required":false},{"name":"GSK_kun","type":"releaseTitle","value":"\\b(GSK[._-]kun)\\b","negate":false,"required":false},{"name":"Half-Baked","type":"releaseTitle","value":"\\b(Half-Baked)\\b","negate":false,"required":false},{"name":"HatSubs","type":"releaseTitle","value":"\\b(HatSubs)\\b","negate":false,"required":false},{"name":"MALD","type":"releaseTitle","value":"\\b(MALD)\\b","negate":false,"required":false},{"name":"MTBB","type":"releaseTitle","value":"\\b(MTBB)\\b","negate":false,"required":false},{"name":"Not-Vodes","type":"releaseTitle","value":"\\[Not-Vodes\\]|-Not-Vodes\\b","negate":false,"required":false},{"name":"Okay-Subs","type":"releaseTitle","value":"\\b(Okay-Subs)\\b","negate":false,"required":false},{"name":"Pizza","type":"releaseTitle","value":"\\[Pizza\\]|-Pizza\\b","negate":false,"required":false},{"name":"Reza","type":"releaseTitle","value":"\\b(Reza)\\b","negate":false,"required":false},{"name":"Slyfox","type":"releaseTitle","value":"\\b(Slyfox)\\b","negate":false,"required":false},{"name":"SoLCE","type":"releaseTitle","value":"\\b(SoLCE)\\b","negate":false,"required":false},{"name":"Tenshi","type":"releaseTitle","value":"\\[tenshi\\]|-tenshi$","negate":false,"required":false}]', 500, '["tv"]', 'Anime Web Tier 02 fansub release groups for WEB sources', 'builtin', 0),
  (20, 'Anime Web Tier 03', 'Release Group', '[{"name":"WEBDL","type":"videoSource","value":"Web","negate":false,"required":false},{"name":"WEBRIP","type":"videoSource","value":"WebRip","negate":false,"required":false},{"name":"WEB","type":"videoSource","value":"Web","negate":false,"required":false},{"name":"AnoZu","type":"releaseTitle","value":"\\b(AnoZu)\\b","negate":false,"required":false},{"name":"Dooky","type":"releaseTitle","value":"\\b(Dooky)\\b","negate":false,"required":false},{"name":"Kitsune","type":"releaseTitle","value":"\\[Kitsune\\]|-Kitsune\\b","negate":false,"required":false},{"name":"SubsPlus+","type":"releaseTitle","value":"\\b(SubsPlus\\+?)\\b","negate":false,"required":false},{"name":"ZR","type":"releaseTitle","value":"\\b(ZR)\\b","negate":false,"required":false}]', 400, '["tv"]', 'Anime Web Tier 03 fansub release groups for WEB sources', 'builtin', 0),
  (21, 'Anime Web Tier 04', 'Release Group', '[{"name":"WEBDL","type":"videoSource","value":"Web","negate":false,"required":false},{"name":"WEBRIP","type":"videoSource","value":"WebRip","negate":false,"required":false},{"name":"WEB","type":"videoSource","value":"Web","negate":false,"required":false},{"name":"Erai-Raws","type":"releaseTitle","value":"\\b(Erai-raws)\\b","negate":false,"required":false},{"name":"ToonsHub","type":"releaseTitle","value":"\\b(ToonsHub)\\b","negate":false,"required":false},{"name":"VARYG","type":"releaseTitle","value":"\\b(VARYG)\\b","negate":false,"required":false}]', 300, '["tv"]', 'Anime Web Tier 04 fansub release groups for WEB sources', 'builtin', 0),
  (22, 'Anime Web Tier 05', 'Release Group', '[{"name":"WEBDL","type":"videoSource","value":"Web","negate":false,"required":false},{"name":"WEBRIP","type":"videoSource","value":"WebRip","negate":false,"required":false},{"name":"WEB","type":"videoSource","value":"Web","negate":false,"required":false},{"name":"BlueLobster","type":"releaseTitle","value":"\\b(BlueLobster)\\b","negate":false,"required":false},{"name":"GST","type":"releaseTitle","value":"\\b(GST)\\b","negate":false,"required":false},{"name":"HorribleRips","type":"releaseTitle","value":"\\b(HorribleRips)\\b","negate":false,"required":false},{"name":"HorribleSubs","type":"releaseTitle","value":"\\b(HorribleSubs)\\b","negate":false,"required":false},{"name":"KAN3D2M","type":"releaseTitle","value":"\\b(KAN3D2M)\\b","negate":false,"required":false},{"name":"KiyoshiStar","type":"releaseTitle","value":"\\b(KS|KiyoshiStar)\\b","negate":false,"required":false},{"name":"Lia","type":"releaseTitle","value":"\\[Lia\\]|-Lia\\b","negate":false,"required":false},{"name":"NanDesuKa","type":"releaseTitle","value":"\\b(NanDesuKa)\\b","negate":false,"required":false},{"name":"PlayWeb","type":"releaseTitle","value":"\\b(PlayWeb)\\b","negate":false,"required":false},{"name":"SobsPlease","type":"releaseTitle","value":"\\b(SobsPlease)\\b","negate":false,"required":false},{"name":"Some-Stuffs","type":"releaseTitle","value":"\\b(Some-Stuffs)\\b","negate":false,"required":false},{"name":"SubsPlease","type":"releaseTitle","value":"\\b(SubsPlease)\\b","negate":false,"required":false},{"name":"URANIME","type":"releaseTitle","value":"\\b(URANIME)\\b","negate":false,"required":false},{"name":"ZigZag","type":"releaseTitle","value":"\\[ZigZag\\]|-ZigZab\b","negate":false,"required":false}]', 200, '["tv"]', 'Anime Web Tier 05 fansub release groups for WEB sources', 'builtin', 0),
  (23, 'Anime Web Tier 06', 'Release Group', '[{"name":"WEBDL","type":"videoSource","value":"Web","negate":false,"required":false},{"name":"WEBRIP","type":"videoSource","value":"WebRip","negate":false,"required":false},{"name":"WEB","type":"videoSource","value":"Web","negate":false,"required":false},{"name":"9volt","type":"releaseTitle","value":"\\b(9volt)\\b","negate":false,"required":false},{"name":"Asenshi","type":"releaseTitle","value":"\\b(Asenshi)\\b","negate":false,"required":false},{"name":"Chihiro","type":"releaseTitle","value":"\\[Chihiro\\]|-Chihiro\\b","negate":false,"required":false},{"name":"Commie","type":"releaseTitle","value":"\\b(Commie)\\b","negate":false,"required":false},{"name":"DameDesuYo","type":"releaseTitle","value":"\\b(DameDesuYo)\\b","negate":false,"required":false},{"name":"Doki","type":"releaseTitle","value":"\\[Doki\\]|-Doki\\b","negate":false,"required":false},{"name":"GJM","type":"releaseTitle","value":"\\b(GJM)\\b","negate":false,"required":false},{"name":"Kaleido","type":"releaseTitle","value":"\\b(Kaleido)\\b","negate":false,"required":false},{"name":"Kantai","type":"releaseTitle","value":"\\[Kantai\\]|-Kantai\\b","negate":false,"required":false},{"name":"KawaSubs","type":"releaseTitle","value":"\\b(KawaSubs)\\b","negate":false,"required":false},{"name":"Tsundere","type":"releaseTitle","value":"\\[Tsundere\\]|-Tsundere(?!-)\\b","negate":false,"required":false}]', 100, '["tv"]', 'Anime Web Tier 06 fansub release groups for WEB sources', 'builtin', 0),
  (24, 'Remux Tier 01', 'Release Group', '[{"name":"Remux","type":"videoSource","value":"BlurayRaw","negate":false,"required":true},{"name":"BLURANiUM","type":"releaseGroup","value":"^(BLURANiUM)$","negate":false,"required":false},{"name":"BMF","type":"releaseGroup","value":"^(BMF)$","negate":false,"required":false},{"name":"FraMeSToR","type":"releaseGroup","value":"^(FraMeSToR)$","negate":false,"required":false},{"name":"PmP","type":"releaseGroup","value":"^(PmP)$","negate":false,"required":false}]', 975, '["tv"]', 'Remux Tier 01 remux release groups', 'builtin', 0),
  (25, 'Remux Tier 02', 'Release Group', '[{"name":"Remux","type":"videoSource","value":"BlurayRaw","negate":false,"required":true},{"name":"12GaugeShotgun","type":"releaseGroup","value":"^(12GaugeShotgun)$","negate":false,"required":false},{"name":"decibeL","type":"releaseGroup","value":"^(decibeL)$","negate":false,"required":false},{"name":"EPSiLON","type":"releaseGroup","value":"^(EPSiLON)$","negate":false,"required":false},{"name":"HiFi","type":"releaseGroup","value":"^(HiFi)$","negate":false,"required":false},{"name":"KRaLiMaRKo","type":"releaseGroup","value":"^(KRaLiMaRKo)$","negate":false,"required":false},{"name":"playBD","type":"releaseGroup","value":"^(playBD)$","negate":false,"required":false},{"name":"PTer","type":"releaseGroup","value":"^(PTer)$","negate":false,"required":false},{"name":"SiCFoI","type":"releaseGroup","value":"^(SiCFoI)$","negate":false,"required":false},{"name":"TRiToN","type":"releaseGroup","value":"^(TRiToN)$","negate":false,"required":false}]', 950, '["tv"]', 'Remux Tier 02 remux release groups', 'builtin', 0),
  (26, 'Anime Raws', 'Unwanted', '[{"name":"AsukaRaws","type":"releaseTitle","value":"Asuka[ ._-]?(Raws)","negate":false,"required":false},{"name":"Beatrice-Raws","type":"releaseTitle","value":"Beatrice[ ._-]?(Raws)","negate":false,"required":false},{"name":"Daddy-Raws","type":"releaseTitle","value":"Daddy[ ._-]?(Raws)","negate":false,"required":false},{"name":"Fumi-Raws","type":"releaseTitle","value":"Fumi[ ._-]?(Raws)","negate":false,"required":false},{"name":"IrizaRaws","type":"releaseTitle","value":"Iriza[ ._-]?(Raws)","negate":false,"required":false},{"name":"Kawaiika-Raws","type":"releaseTitle","value":"Kawaiika[ ._-]?(Raws)","negate":false,"required":false},{"name":"km","type":"releaseTitle","value":"\\[km\\]|-km\\b","negate":false,"required":false},{"name":"Koi-Raws","type":"releaseTitle","value":"Koi[ ._-]?(Raws)","negate":false,"required":false},{"name":"Lilith-Raws","type":"releaseTitle","value":"Lilith[ ._-]?(Raws)","negate":false,"required":false},{"name":"LowPower-Raws","type":"releaseTitle","value":"LowPower[ ._-]?(Raws)","negate":false,"required":false},{"name":"Moozzi2","type":"releaseTitle","value":"\\b(Moozzi2)\\b","negate":false,"required":false},{"name":"NanakoRaws","type":"releaseTitle","value":"Nanako[ ._-]?(Raws)","negate":false,"required":false},{"name":"NC-Raws","type":"releaseTitle","value":"NC[ ._-]?(Raws)","negate":false,"required":false},{"name":"neko-raws","type":"releaseTitle","value":"neko[ ._-]?(raws)","negate":false,"required":false},{"name":"New-raws","type":"releaseTitle","value":"New[ ._-]?(raws)","negate":false,"required":false},{"name":"Ohys-Raws","type":"releaseTitle","value":"Ohys[ ._-]?(Raws)","negate":false,"required":false},{"name":"Pandoratv-Raws","type":"releaseTitle","value":"Pandoratv[ ._-]?(Raws)","negate":false,"required":false},{"name":"Raws-Maji","type":"releaseTitle","value":"\\b(Raws-Maji)\\b","negate":false,"required":false},{"name":"ReinForce","type":"releaseTitle","value":"\\b(ReinForce)\\b","negate":false,"required":false},{"name":"Scryous-Raws","type":"releaseTitle","value":"Scryous[ ._-]?(Raws)","negate":false,"required":false},{"name":"Seicher-Raws","type":"releaseTitle","value":"Seicher[ ._-]?(Raws)","negate":false,"required":false},{"name":"Shiniori-Raws","type":"releaseTitle","value":"Shiniori[ ._-]?(Raws)","negate":false,"required":false}]', -10000, '["tv"]', 'Raw anime releases without subtitles', 'builtin', 0),
  (27, 'Anime LQ Groups', 'Unwanted', '[{"name":"$tore-Chill","type":"releaseTitle","value":"\\b(\\$tore-Chill)\\b","negate":false,"required":false},{"name":"0neshot","type":"releaseTitle","value":"\\b(0neshot)\\b","negate":false,"required":false},{"name":"224","type":"releaseTitle","value":"\\[224\\]|-224\\b","negate":false,"required":false},{"name":"A-Destiny","type":"releaseTitle","value":"\\b(A-Destiny)\\b","negate":false,"required":false},{"name":"AceAres","type":"releaseTitle","value":"\\b(AceAres)\\b","negate":false,"required":false},{"name":"AhmadDev","type":"releaseTitle","value":"\\b(AhmadDev)\\b","negate":false,"required":false},{"name":"Anime Chap","type":"releaseTitle","value":"\\b(Anime[ .-]?Chap)\\b","negate":false,"required":false},{"name":"Anime Land","type":"releaseTitle","value":"\\b(Anime[ .-]?Land)\\b","negate":false,"required":false},{"name":"Anime Time","type":"releaseTitle","value":"\\b(Anime[ .-]?Time)\\b","negate":false,"required":false},{"name":"AnimeDynastyEN","type":"releaseTitle","value":"\\b(AnimeDynastyEN)\\b","negate":false,"required":false},{"name":"AnimeKuro","type":"releaseTitle","value":"\\b(AnimeKuro)\\b","negate":false,"required":false},{"name":"AnimeRG","type":"releaseTitle","value":"\\b(AnimeRG)\\b","negate":false,"required":false},{"name":"Animesubs","type":"releaseTitle","value":"\\b(Animesubs)\\b","negate":false,"required":false},{"name":"AnimeTR","type":"releaseTitle","value":"\\b(AnimeTR)\\b","negate":false,"required":false},{"name":"Anitsu","type":"releaseTitle","value":"\\b(Anitsu)\\b","negate":false,"required":false},{"name":"AniVoid","type":"releaseTitle","value":"\\b(AniVoid)\\b","negate":false,"required":false},{"name":"ArataEnc","type":"releaseTitle","value":"\\b(ArataEnc)\\b","negate":false,"required":false},{"name":"AREY","type":"releaseTitle","value":"\\b(AREY)\\b","negate":false,"required":false},{"name":"Ari","type":"releaseTitle","value":"\\[Ari\\]|-Ari\\b","negate":false,"required":false},{"name":"ASW","type":"releaseTitle","value":"\\b(ASW)\\b","negate":false,"required":false},{"name":"BJX","type":"releaseTitle","value":"\\b(BJX)\\b","negate":false,"required":false},{"name":"BlackLuster","type":"releaseTitle","value":"\\b(BlackLuster)\\b","negate":false,"required":false},{"name":"bonkai77","type":"releaseTitle","value":"\\b(bonkai77)\\b","negate":false,"required":false},{"name":"CameEsp","type":"releaseTitle","value":"\\b(CameEsp)\\b","negate":false,"required":false},{"name":"Cat66","type":"releaseTitle","value":"\\b(Cat66)\\b","negate":false,"required":false},{"name":"CBB","type":"releaseTitle","value":"\\b(CBB)\\b","negate":false,"required":false},{"name":"Cerberus","type":"releaseTitle","value":"\\[Cerberus\\]|-Cerberus\\b","negate":false,"required":false},{"name":"Cleo","type":"releaseTitle","value":"\\[Cleo\\]|-Cleo","negate":false,"required":false},{"name":"CuaP","type":"releaseTitle","value":"\\b(CuaP)\\b","negate":false,"required":false},{"name":"DaddySubs","type":"releaseTitle","value":"\\[Daddy(Subs)?\\]|-Daddy(Subs)?\\b","negate":false,"required":false},{"name":"DARKFLiX","type":"releaseTitle","value":"\\b(DARKFLiX)\\b","negate":false,"required":false},{"name":"DB","type":"releaseTitle","value":"\\[DB\\]","negate":false,"required":false},{"name":"DBArabic","type":"releaseTitle","value":"\\b(DBArabic)\\b","negate":false,"required":false},{"name":"Deadmau- RAWS","type":"releaseTitle","value":"\\b(Deadmau[ .-]?[ .-]?RAWS)\\b","negate":false,"required":false},{"name":"DKB","type":"releaseTitle","value":"\\b(DKB)\\b","negate":false,"required":false},{"name":"DP","type":"releaseTitle","value":"\\b(DP)\\b","negate":false,"required":false},{"name":"DsunS","type":"releaseTitle","value":"\\b(DsunS)\\b","negate":false,"required":false},{"name":"Emmid","type":"releaseTitle","value":"\\[Emmid\\]|-Emmid\\b","negate":false,"required":false},{"name":"ExREN","type":"releaseTitle","value":"\\b(ExREN)\\b","negate":false,"required":false},{"name":"FAV","type":"releaseTitle","value":"\\[FAV\\]|-FAV\\b","negate":false,"required":false},{"name":"Fish","type":"releaseTitle","value":"\\b((Baked|Dead|Space)Fish)\\b","negate":false,"required":false},{"name":"FunArts","type":"releaseTitle","value":"\\b(FunArts)\\b","negate":false,"required":false},{"name":"GERMini","type":"releaseTitle","value":"\\b(GERMini)\\b","negate":false,"required":false},{"name":"Hakata Ramen","type":"releaseTitle","value":"\\b(Hakata[ .-]?Ramen)\\b","negate":false,"required":false},{"name":"Hall_of_C","type":"releaseTitle","value":"\\b(Hall_of_C)\\b","negate":false,"required":false},{"name":"Hatsuyuki","type":"releaseTitle","value":"\\[Hatsuyuki\\]|-Hatsuyuki\\b","negate":false,"required":false},{"name":"HAV1T","type":"releaseTitle","value":"\\b(HAV1T)\\b","negate":false,"required":false},{"name":"HENiL","type":"releaseTitle","value":"\\b(HENiL)\\b","negate":false,"required":false},{"name":"Hitoku","type":"releaseTitle","value":"\\[Hitoku\\]|-Hitoku\\b","negate":false,"required":false},{"name":"HollowRoxas","type":"releaseTitle","value":"\\b(HollowRoxas)\\b","negate":false,"required":false},{"name":"HR","type":"releaseTitle","value":"\\[HR\\]|-HR\\b","negate":false,"required":false},{"name":"ICEBLUE","type":"releaseTitle","value":"\\b(ICEBLUE)\\b","negate":false,"required":false},{"name":"iPUNISHER","type":"releaseTitle","value":"\\b(iPUNISHER)\\b","negate":false,"required":false},{"name":"JacobSwaggedUp","type":"releaseTitle","value":"\\b(JacobSwaggedUp)\\b","negate":false,"required":false},{"name":"Johnny-englishsubs","type":"releaseTitle","value":"\\b(Johnny-englishsubs)\\b","negate":false,"required":false},{"name":"Kallango","type":"releaseTitle","value":"\\[Kallango\\]|-Kallango\\b","negate":false,"required":false},{"name":"Kanjouteki","type":"releaseTitle","value":"\\b(Kanjouteki)\\b","negate":false,"required":false},{"name":"KEKMASTERS","type":"releaseTitle","value":"\\b(KEKMASTERS)\\b","negate":false,"required":false},{"name":"Kirion","type":"releaseTitle","value":"\\b(Kirion)\\b","negate":false,"required":false},{"name":"KQRM","type":"releaseTitle","value":"\\b(KQRM)\\b","negate":false,"required":false},{"name":"KRP","type":"releaseTitle","value":"\\b(KRP)\\b","negate":false,"required":false},{"name":"LoliHouse","type":"releaseTitle","value":"\\b(LoliHouse)\\b","negate":false,"required":false},{"name":"M@nI","type":"releaseTitle","value":"\\b(M@nI)\\b","negate":false,"required":false},{"name":"mal lu zen","type":"releaseTitle","value":"\\b(mal[ .-]lu[ .-]zen)\\b","negate":false,"required":false},{"name":"Man.K","type":"releaseTitle","value":"\\b(Man\\.K)\\b","negate":false,"required":false},{"name":"Maximus","type":"releaseTitle","value":"\\[Maximus\\]|-Maximus\\b","negate":false,"required":false},{"name":"MD","type":"releaseTitle","value":"\\[MD\\]|-MD\\b","negate":false,"required":false},{"name":"mdcx","type":"releaseTitle","value":"\\b(mdcx)\\b","negate":false,"required":false},{"name":"Metaljerk","type":"releaseTitle","value":"\\b(Metaljerk)\\b","negate":false,"required":false},{"name":"MGD","type":"releaseTitle","value":"\\b(MGD)\\b","negate":false,"required":false},{"name":"MiniFreeza","type":"releaseTitle","value":"\\b(MiniFreeza)\\b","negate":false,"required":false},{"name":"MiniMTBB","type":"releaseTitle","value":"\\b(MiniMTBB)\\b","negate":false,"required":false},{"name":"MinisCuba","type":"releaseTitle","value":"\\b(MinisCuba)\\b","negate":false,"required":false},{"name":"MiniTheatre","type":"releaseTitle","value":"\\b(MiniTheatre)\\b","negate":false,"required":false},{"name":"Mites","type":"releaseTitle","value":"\\b(Mites)\\b","negate":false,"required":false},{"name":"Modders Bay","type":"releaseTitle","value":"\\b(Modders[ .-]?Bay)\\b","negate":false,"required":false},{"name":"Mr. Deadpool","type":"releaseTitle","value":"\\b(Mr\\.Deadpool)\\b","negate":false,"required":false},{"name":"NemDiggers","type":"releaseTitle","value":"\\b(NemDiggers)\\b","negate":false,"required":false},{"name":"neoHEVC","type":"releaseTitle","value":"\\b(neoHEVC)\\b","negate":false,"required":false},{"name":"Nokou","type":"releaseTitle","value":"\\b(Nokou)\\b","negate":false,"required":false},{"name":"NoobSubs","type":"releaseTitle","value":"\\b(N[eo][wo]b[ ._-]?Subs)\\b","negate":false,"required":false},{"name":"NS","type":"releaseTitle","value":"\\b(NS)\\b","negate":false,"required":false},{"name":"Nyanpasu","type":"releaseTitle","value":"\\b(Nyanpasu)\\b","negate":false,"required":false},{"name":"OldCastle","type":"releaseTitle","value":"\\b(OldCastle)\\b","negate":false,"required":false},{"name":"Pantsu","type":"releaseTitle","value":"\\[Pantsu\\]|-Pantsu\\b","negate":false,"required":false},{"name":"Pao","type":"releaseTitle","value":"\\[Pao\\]|-Pao\\b","negate":false,"required":false},{"name":"phazer11","type":"releaseTitle","value":"\\b(phazer11)\\b","negate":false,"required":false},{"name":"Pixel","type":"releaseTitle","value":"\\[Pixel\\]|-Pixel\\b","negate":false,"required":false},{"name":"Plex Friendly","type":"releaseTitle","value":"\\b(Plex[ .-]?Friendly)\\b","negate":false,"required":false},{"name":"PnPSubs","type":"releaseTitle","value":"\\b(PnPSubs)\\b","negate":false,"required":false},{"name":"Polarwindz","type":"releaseTitle","value":"\\b(Polarwindz)\\b","negate":false,"required":false},{"name":"Project-gxs","type":"releaseTitle","value":"\\b(Project-gxs)\\b","negate":false,"required":false},{"name":"PuyaSubs","type":"releaseTitle","value":"\\b(PuyaSubs)\\b","negate":false,"required":false},{"name":"QaS","type":"releaseTitle","value":"\\b(QAS)\\b","negate":false,"required":false},{"name":"QCE","type":"releaseTitle","value":"\\b(QCE)\\b","negate":false,"required":false},{"name":"Rando235","type":"releaseTitle","value":"\\b(Rando235)\\b","negate":false,"required":false},{"name":"Ranger","type":"releaseTitle","value":"\\[Ranger\\]|-Ranger\\b","negate":false,"required":false},{"name":"Rapta","type":"releaseTitle","value":"\\[Rapta\\]|-Rapta\\b","negate":false,"required":false},{"name":"Raw Files","type":"releaseTitle","value":"\\b(M2TS|BDMV|BDVD)\\b","negate":false,"required":false},{"name":"Raze","type":"releaseTitle","value":"\\[Raze\\]|-Raze\\b","negate":false,"required":false},{"name":"Reaktor","type":"releaseTitle","value":"\\b(Reaktor)\\b","negate":false,"required":false},{"name":"RightShiftBy2","type":"releaseTitle","value":"\\b(RightShiftBy2)\\b","negate":false,"required":false},{"name":"Rip Time","type":"releaseTitle","value":"\\b(Rip[ .-]?Time)\\b","negate":false,"required":false},{"name":"SAD","type":"releaseTitle","value":"\\[SAD\\]|-SAD\\b","negate":false,"required":false},{"name":"Salieri","type":"releaseTitle","value":"\\b(Salieri)\\b","negate":false,"required":false},{"name":"Samir755","type":"releaseTitle","value":"\\b(Samir755)\\b","negate":false,"required":false},{"name":"SanKyuu","type":"releaseTitle","value":"\\b(SanKyuu)\\b","negate":false,"required":false},{"name":"SEiN","type":"releaseTitle","value":"\\[SEiN\\]|-SEiN\\b","negate":false,"required":false},{"name":"sekkusu&ok","type":"releaseTitle","value":"\\b(sekkusu&ok)\\b","negate":false,"required":false},{"name":"SHFS","type":"releaseTitle","value":"\\b(SHFS)\\b","negate":false,"required":false},{"name":"shincaps","type":"releaseTitle","value":"\\b(shincaps)\\b","negate":false,"required":false},{"name":"SLAX","type":"releaseTitle","value":"\\b(SLAX)\\b","negate":false,"required":false},{"name":"Sokudo","type":"releaseTitle","value":"\\[Sokudo\\]|-Sokudo\\b","negate":false,"required":false},{"name":"SRW","type":"releaseTitle","value":"\\b(SRW)\\b","negate":false,"required":false},{"name":"SSA","type":"releaseTitle","value":"\\b(SSA)\\b","negate":false,"required":false},{"name":"StrayGods","type":"releaseTitle","value":"\\b(StrayGods)\\b","negate":false,"required":false},{"name":"Suki Desu","type":"releaseTitle","value":"\\[Suki[ .-]?Desu\\]|-Suki[ .-]?Desu\\b","negate":false,"required":false},{"name":"TeamTurquoize","type":"releaseTitle","value":"\\b(TeamTurquoize)\\b","negate":false,"required":false},{"name":"Tenrai Sensei","type":"releaseTitle","value":"\\b(Tenrai[ .-]?Sensei)\\b","negate":false,"required":false},{"name":"TnF","type":"releaseTitle","value":"\\b(TnF)\\b","negate":false,"required":false},{"name":"TOPKEK","type":"releaseTitle","value":"\\b(TOPKEK)\\b","negate":false,"required":false},{"name":"Trix","type":"releaseTitle","value":"\\[Trix\\]|-Trix\\b","negate":false,"required":false},{"name":"U3-Web","type":"releaseTitle","value":"\\b(U3-Web)\\b","negate":false,"required":false},{"name":"UNBIASED","type":"releaseTitle","value":"\\[UNBIASED\\]|-UNBIASED\\b","negate":false,"required":false},{"name":"uP","type":"releaseTitle","value":"\\[uP\\]","negate":false,"required":false},{"name":"USD","type":"releaseTitle","value":"\\[USD\\]|-USD\\b","negate":false,"required":false},{"name":"Valenciano","type":"releaseTitle","value":"\\b(Valenciano)\\b","negate":false,"required":false},{"name":"VipapkStudios","type":"releaseTitle","value":"\\b(VipapkStudios)\\b","negate":false,"required":false},{"name":"Wardevil","type":"releaseTitle","value":"\\[Wardevil\\]|-Wardevil\\b","negate":false,"required":false},{"name":"WtF Anime","type":"releaseTitle","value":"\\b(WtF[ ._-]?Anime)\\b","negate":false,"required":false},{"name":"xiao-av1","type":"releaseTitle","value":"\\b(xiao-av1)\\b","negate":false,"required":false},{"name":"Yabai_Desu_NeRandomRemux","type":"releaseTitle","value":"\\b(Yabai_Desu_NeRandomRemux)\\b","negate":false,"required":false},{"name":"YakuboEncodes","type":"releaseTitle","value":"\\b(YakuboEncodes)\\b","negate":false,"required":false},{"name":"youshikibi","type":"releaseTitle","value":"\\b(youshikibi)\\b","negate":false,"required":false},{"name":"YuiSubs","type":"releaseTitle","value":"\\b(YuiSubs)\\b","negate":false,"required":false},{"name":"Yun","type":"releaseTitle","value":"\\[Yun\\]|-Yun\\b","negate":false,"required":false},{"name":"zza","type":"releaseTitle","value":"\\[zza\\]|-zza\\b","negate":false,"required":false}]', -10000, '["tv"]', 'Low-quality anime release groups', 'builtin', 0),
  (28, 'AV1', 'Unwanted', '[{"name":"AV1","type":"releaseTitle","value":"\\bAV1\\b","negate":false,"required":true}]', -10000, '["tv"]', 'AV1 codec - penalized for anime due to quality concerns', 'builtin', 0),
  (29, 'Dubs Only', 'Unwanted', '[{"name":"Dubbed","type":"releaseTitle","value":"^(?!.*(Dual|Multi)[-_. ]?Audio).*((?<!multi-)\\b(dub(bed)?)\\b|(funi|eng(lish)?)_?dub)","negate":false,"required":false},{"name":"Golumpa","type":"releaseTitle","value":"\\b(Golumpa)\\b","negate":false,"required":false},{"name":"KaiDubs (Not Dual Audio)","type":"releaseTitle","value":"^(?!.*(dual[ ._-]?audio|[([]dual[])]|(JA|ZH|KO)\\+EN|EN\\+(JA|ZH|KO))).*\\b(KaiDubs)\\b","negate":false,"required":false},{"name":"KamiFS","type":"releaseTitle","value":"\\b(KamiFS)\\b","negate":false,"required":false},{"name":"KS (Not Dual Audio)","type":"releaseTitle","value":"^(?!.*(dual[ ._-]?audio|[([]dual[])]|(JA|ZH|KO)\\+EN|EN\\+(JA|ZH|KO))).*\\bKS\\b","negate":false,"required":false},{"name":"torenter69","type":"releaseTitle","value":"\\b(torenter69)\\b","negate":false,"required":false},{"name":"Yameii","type":"releaseTitle","value":"\\[Yameii\\]|-Yameii\\b","negate":false,"required":false}]', -10000, '["tv"]', 'Dubbed-only anime releases without original audio', 'builtin', 0),
  (30, 'v0', 'Release Type', '[{"name":"v0","type":"releaseTitle","value":"(\\b|\\d)(v0)\\b","negate":false,"required":true}]', -51, '["tv"]', 'Version v0 release revision', 'builtin', 0),
  (31, 'v1', 'Release Type', '[{"name":"v1","type":"releaseTitle","value":"(\\b|\\d)(v1)\\b","negate":false,"required":true}]', 1, '["tv"]', 'Version v1 release revision', 'builtin', 0),
  (32, 'v2', 'Release Type', '[{"name":"v2","type":"releaseTitle","value":"(\\b|\\d)(v2)\\b","negate":false,"required":true}]', 2, '["tv"]', 'Version v2 release revision', 'builtin', 0),
  (33, 'v3', 'Release Type', '[{"name":"v3","type":"releaseTitle","value":"(\\b|\\d)(v3)\\b","negate":false,"required":true}]', 3, '["tv"]', 'Version v3 release revision', 'builtin', 0),
  (34, 'v4', 'Release Type', '[{"name":"v4","type":"releaseTitle","value":"(\\b|\\d)(v4)\\b","negate":false,"required":true}]', 4, '["tv"]', 'Version v4 release revision', 'builtin', 0),
  (35, '10bit', 'Video Codec', '[{"name":"10bit","type":"releaseTitle","value":"10[.-]?bit","negate":false,"required":false},{"name":"hi10p","type":"releaseTitle","value":"hi10p","negate":false,"required":false}]', 0, '["tv"]', '10-bit color depth video encoding', 'builtin', 0),
  (36, 'Anime Dual Audio', 'Language', '[{"name":"Dual Audio","type":"releaseTitle","value":"dual[ ._-]?(audio)|[([]dual[])]|\\b(JA|ZH|KO)(?= ?\\+ ?.*?\\b(EN))|\\b(EN)(?= ?\\+ ?.*?\\b(JA|ZH|KO))|\\b(Japanese|Chinese|Korean) ?[ ._\\+&-] ?\\b(English)|\\b(English) ?[ ._\\+&-] ?\\b(Japanese|Chinese|Korean)|\\b(\\d{3,4}(p|i)|4K|U(ltra)?HD)\\b.*\\b(DUAL)\\b(?!.*\\(|\\))","negate":false,"required":true},{"name":"Not Single Language Only","type":"releaseTitle","value":"\\[(JA|ZH|KO)\\]","negate":true,"required":true},{"name":"Japanese Language","type":"language","value":"Japanese","negate":false,"required":false},{"name":"Chinese Language","type":"language","value":"Chinese","negate":false,"required":false},{"name":"Korean Language","type":"language","value":"Korean","negate":false,"required":false}]', 0, '["tv"]', 'Anime releases with both Japanese and English audio tracks', 'builtin', 0),
  (37, 'Uncensored', 'Edition', '[{"name":"Uncensored","type":"releaseTitle","value":"\\b(Uncut|Unrated|Uncensored|AT[-_. ]?X)\\b","negate":false,"required":true}]', 0, '["tv"]', 'Uncensored or uncut anime releases', 'builtin', 0),
  (38, 'CR', 'Streaming Service', '[{"name":"CR","type":"releaseTitle","value":"\\b(C(runchy)?[ .-]?R(oll)?)\\b","negate":false,"required":true},{"name":"WEBDL","type":"videoSource","value":"Web","negate":false,"required":false},{"name":"WEBRIP","type":"videoSource","value":"WebRip","negate":false,"required":false},{"name":"WEB","type":"videoSource","value":"Web","negate":false,"required":false}]', 6, '["tv"]', 'CR streaming service releases', 'builtin', 0),
  (39, 'DSNP', 'Streaming Service', '[{"name":"DSNP","type":"releaseTitle","value":"\\b(dsnp|dsny|disney|Disney\\+)\\b","negate":false,"required":true},{"name":"WEBDL","type":"videoSource","value":"Web","negate":false,"required":false},{"name":"WEBRIP","type":"videoSource","value":"WebRip","negate":false,"required":false}]', 5, '["tv"]', 'DSNP streaming service releases', 'builtin', 0),
  (40, 'NF', 'Streaming Service', '[{"name":"NF","type":"releaseTitle","value":"\\b(nf|netflix(u?hd)?)\\b","negate":false,"required":true},{"name":"WEBDL","type":"videoSource","value":"Web","negate":false,"required":false},{"name":"WEBRIP","type":"videoSource","value":"WebRip","negate":false,"required":false}]', 4, '["tv"]', 'NF streaming service releases', 'builtin', 0),
  (41, 'AMZN', 'Streaming Service', '[{"name":"AMZN","type":"releaseTitle","value":"\\b(amzn|amazon(hd)?)\\b","negate":false,"required":true},{"name":"WEBDL","type":"videoSource","value":"Web","negate":false,"required":false},{"name":"WEBRIP","type":"videoSource","value":"WebRip","negate":false,"required":false}]', 3, '["tv"]', 'AMZN streaming service releases', 'builtin', 0),
  (42, 'VRV', 'Streaming Service', '[{"name":"VRV","type":"releaseTitle","value":"\\b(VRV)\\b","negate":false,"required":true},{"name":"WEBDL","type":"videoSource","value":"Web","negate":false,"required":false},{"name":"WEBRIP","type":"videoSource","value":"WebRip","negate":false,"required":false},{"name":"WEB","type":"videoSource","value":"Web","negate":false,"required":false}]', 3, '["tv"]', 'VRV streaming service releases', 'builtin', 0),
  (43, 'FUNi', 'Streaming Service', '[{"name":"FUNi","type":"releaseTitle","value":"\\b(FUNi(mation)?)\\b","negate":false,"required":true},{"name":"WEBDL","type":"videoSource","value":"Web","negate":false,"required":false},{"name":"WEBRIP","type":"videoSource","value":"WebRip","negate":false,"required":false},{"name":"WEB","type":"videoSource","value":"Web","negate":false,"required":false}]', 2, '["tv"]', 'FUNi streaming service releases', 'builtin', 0),
  (44, 'ABEMA', 'Streaming Service', '[{"name":"ABEMA","type":"releaseTitle","value":"\\b(ABEMA[ ._-]?(TV)?)\\b","negate":false,"required":true},{"name":"WEBDL","type":"videoSource","value":"Web","negate":false,"required":false},{"name":"WEBRIP","type":"videoSource","value":"WebRip","negate":false,"required":false},{"name":"WEB","type":"videoSource","value":"Web","negate":false,"required":false}]', 1, '["tv"]', 'ABEMA streaming service releases', 'builtin', 0),
  (45, 'ADN', 'Streaming Service', '[{"name":"ADN","type":"releaseTitle","value":"\\b(ADN|Anime Digital Network)\\b","negate":false,"required":true},{"name":"WEBDL","type":"videoSource","value":"Web","negate":false,"required":false},{"name":"WEBRIP","type":"videoSource","value":"WebRip","negate":false,"required":false},{"name":"WEB","type":"videoSource","value":"Web","negate":false,"required":false}]', 1, '["tv"]', 'ADN streaming service releases', 'builtin', 0),
  (46, 'B-Global', 'Streaming Service', '[{"name":"B-Global","type":"releaseTitle","value":"\\b(B[ .-]?Global)\\b","negate":false,"required":true},{"name":"WEBDL","type":"videoSource","value":"Web","negate":false,"required":false},{"name":"WEBRIP","type":"videoSource","value":"WebRip","negate":false,"required":false},{"name":"WEB","type":"videoSource","value":"Web","negate":false,"required":false}]', 0, '["tv"]', 'B-Global streaming service releases', 'builtin', 0),
  (47, 'Bilibili', 'Streaming Service', '[{"name":"Bilibili","type":"releaseTitle","value":"\\b(Bili(bili)?)\\b","negate":false,"required":true},{"name":"WEBDL","type":"videoSource","value":"Web","negate":false,"required":false},{"name":"WEBRIP","type":"videoSource","value":"WebRip","negate":false,"required":false},{"name":"WEB","type":"videoSource","value":"Web","negate":false,"required":false}]', 0, '["tv"]', 'Bilibili streaming service releases', 'builtin', 0),
  (48, 'HIDIVE', 'Streaming Service', '[{"name":"HIDIVE","type":"releaseTitle","value":"\\b(HIDI(VE)?)\\b","negate":false,"required":true},{"name":"WEBDL","type":"videoSource","value":"Web","negate":false,"required":false},{"name":"WEBRIP","type":"videoSource","value":"WebRip","negate":false,"required":false},{"name":"WEB","type":"videoSource","value":"Web","negate":false,"required":false}]', 0, '["tv"]', 'HIDIVE streaming service releases', 'builtin', 0),
  (49, 'Retail Release', 'Source', '[{"name":"Retail Tag","type":"releaseTitle","value":"\\bretail\\b","negate":false,"required":true}]', 1000, '["ebook"]', 'Retail (officially published) ebook releases', 'builtin', 0),
  (50, 'Scene Release', 'Unwanted', '[{"name":"Scene Tag","type":"releaseTitle","value":"\\bscene\\b","negate":false,"required":true}]', 0, '["ebook"]', 'Scene releases are typically lower quality for ebooks', 'builtin', 0),
  (51, 'EPUB Format', 'File Format', '[{"name":"EPUB File","type":"fileFormat","value":"epub","negate":false,"required":true}]', 500, '["ebook"]', 'EPUB format - the preferred ebook standard', 'builtin', 0),
  (52, 'PDF Format', 'File Format', '[{"name":"PDF File","type":"fileFormat","value":"pdf","negate":false,"required":true}]', 0, '["ebook"]', 'PDF format - less flexible than EPUB for ebooks', 'builtin', 0),
  (53, 'High Bitrate', 'Audiobook Quality', '[{"name":"Min 192kbps","type":"audioBitrate","min":192,"negate":false,"required":true}]', 500, '["audiobook"]', 'Audiobooks with bitrate of 192kbps or higher', 'builtin', 0),
  (54, 'M4B Format', 'File Format', '[{"name":"M4B File","type":"fileFormat","value":"m4b","negate":false,"required":true}]', 300, '["audiobook"]', 'M4B format - preferred single-file audiobook container', 'builtin', 0),
  (55, 'Low Bitrate', 'Audiobook Quality', '[{"name":"Max 64kbps","type":"audioBitrate","max":64,"negate":false,"required":true}]', 0, '["audiobook"]', 'Low-bitrate audiobooks to avoid', 'builtin', 0);
--> statement-breakpoint
-- Seed profile-custom-format links
INSERT OR IGNORE INTO profile_custom_formats (profile_id, custom_format_id, score) VALUES
  (3, 1, 1800),
  (3, 2, 1700),
  (3, 3, -10000),
  (3, 4, -10000),
  (3, 5, -10000),
  (3, 6, 500),
  (3, 7, 400),
  (4, 2, 1700),
  (4, 8, 1300),
  (4, 9, 15),
  (4, 4, -10000),
  (4, 3, -10000),
  (5, 10, 1400),
  (5, 11, 1300),
  (5, 12, 1200),
  (5, 13, 1100),
  (5, 14, 1000),
  (5, 15, 900),
  (5, 16, 800),
  (5, 17, 700),
  (5, 18, 600),
  (5, 19, 500),
  (5, 20, 400),
  (5, 21, 300),
  (5, 22, 200),
  (5, 23, 100),
  (5, 24, 975),
  (5, 25, 950),
  (5, 26, -10000),
  (5, 27, -10000),
  (5, 28, -10000),
  (5, 29, -10000),
  (5, 30, -51),
  (5, 31, 1),
  (5, 32, 2),
  (5, 33, 3),
  (5, 34, 4),
  (5, 35, 0),
  (5, 36, 0),
  (5, 37, 0),
  (5, 38, 6),
  (5, 39, 5),
  (5, 40, 4),
  (5, 41, 3),
  (5, 42, 3),
  (5, 43, 2),
  (5, 44, 1),
  (5, 45, 1),
  (5, 46, 0),
  (5, 47, 0),
  (5, 48, 0),
  (1, 49, 1000),
  (1, 50, -500),
  (1, 51, 500),
  (1, 52, -100),
  (2, 53, 500),
  (2, 54, 300),
  (2, 55, -1000);
--> statement-breakpoint
-- Update profile custom format score thresholds
UPDATE download_profiles SET min_custom_format_score = 0, upgrade_until_custom_format_score = 10000 WHERE id = 3;
--> statement-breakpoint
UPDATE download_profiles SET min_custom_format_score = 0, upgrade_until_custom_format_score = 5000 WHERE id = 4;
--> statement-breakpoint
UPDATE download_profiles SET min_custom_format_score = 0, upgrade_until_custom_format_score = 10000 WHERE id = 5;
--> statement-breakpoint
UPDATE download_profiles SET min_custom_format_score = 0, upgrade_until_custom_format_score = 2000 WHERE id = 1;
--> statement-breakpoint
UPDATE download_profiles SET min_custom_format_score = 0, upgrade_until_custom_format_score = 1000 WHERE id = 2;
